<?xml version="1.0" encoding="UTF-8"?>
<config xmlns="http://www.knime.org/2008/09/XMLConfig" xmlns:xsi="http://www.w3.org/2001/XMLSchema-instance" xsi:schemaLocation="http://www.knime.org/2008/09/XMLConfig http://www.knime.org/XMLConfig_2008_09.xsd" key="model.xml">
<entry key="version" type="xint" value="1"/>
<entry key="class_name" type="xstring" value="org.knime.base.data.normalize.NormalizerPortObject"/>
<config key="model">
<config key="columns">
<config key="Compra">
<entry key="column_name" type="xstring" value="Compra"/>
<entry key="column_scale" type="xdouble" value="0.5006508460999298"/>
<entry key="column_translate" type="xdouble" value="-1.099829778712326"/>
<entry key="column_min" type="xdouble" value="0.0"/>
<entry key="column_max" type="xdouble" value="1.0"/>
</config>
<config key="Compra(-1)">
<entry key="column_name" type="xstring" value="Compra(-1)"/>
<entry key="column_scale" type="xdouble" value="0.5006508460999298"/>
<entry key="column_translate" type="xdouble" value="-1.099829778712326"/>
<entry key="column_min" type="xdouble" value="0.0"/>
<entry key="column_max" type="xdouble" value="1.0"/>
</config>
<config key="Compra(-2)">
<entry key="column_name" type="xstring" value="Compra(-2)"/>
<entry key="column_scale" type="xdouble" value="0.5006508460999298"/>
<entry key="column_translate" type="xdouble" value="-1.099829778712326"/>
<entry key="column_min" type="xdouble" value="0.0"/>
<entry key="column_max" type="xdouble" value="1.0"/>
</config>
<config key="Compra(-3)">
<entry key="column_name" type="xstring" value="Compra(-3)"/>
<entry key="column_scale" type="xdouble" value="0.5006508460999298"/>
<entry key="column_translate" type="xdouble" value="-1.099829778712326"/>
<entry key="column_min" type="xdouble" value="0.0"/>
<entry key="column_max" type="xdouble" value="1.0"/>
</config>
<config key="Compra(-4)">
<entry key="column_name" type="xstring" value="Compra(-4)"/>
<entry key="column_scale" type="xdouble" value="0.5006508460999298"/>
<entry key="column_translate" type="xdouble" value="-1.099829778712326"/>
<entry key="column_min" type="xdouble" value="0.0"/>
<entry key="column_max" type="xdouble" value="1.0"/>
</config>
<config key="Compra(-5)">
<entry key="column_name" type="xstring" value="Compra(-5)"/>
<entry key="column_scale" type="xdouble" value="0.5006508460999298"/>
<entry key="column_translate" type="xdouble" value="-1.099829778712326"/>
<entry key="column_min" type="xdouble" value="0.0"/>
<entry key="column_max" type="xdouble" value="1.0"/>
</config>
</config>
<entry key="summary" type="xstring" value="Min/Max (0.0, 1) normalization on 6 column(s)"/>
</config>
</config>
