<?xml version="1.0" encoding="UTF-8"?>
<config xmlns="http://www.knime.org/2008/09/XMLConfig" xmlns:xsi="http://www.w3.org/2001/XMLSchema-instance" xsi:schemaLocation="http://www.knime.org/2008/09/XMLConfig http://www.knime.org/XMLConfig_2008_09.xsd" key="model.xml">
<entry key="version" type="xint" value="1"/>
<entry key="class_name" type="xstring" value="org.knime.base.data.normalize.NormalizerPortObject"/>
<config key="model">
<config key="columns">
<config key="Open">
<entry key="column_name" type="xstring" value="Open"/>
<entry key="column_scale" type="xdouble" value="4.098528628222468E-5"/>
<entry key="column_translate" type="xdouble" value="-1.5369892208697078"/>
<entry key="column_min" type="xdouble" value="0.0"/>
<entry key="column_max" type="xdouble" value="1.0"/>
</config>
<config key="Close">
<entry key="column_name" type="xstring" value="Close"/>
<entry key="column_scale" type="xdouble" value="4.098528628222468E-5"/>
<entry key="column_translate" type="xdouble" value="-1.536825279724579"/>
<entry key="column_min" type="xdouble" value="0.0"/>
<entry key="column_max" type="xdouble" value="1.0"/>
</config>
<config key="Close(-1)">
<entry key="column_name" type="xstring" value="Close(-1)"/>
<entry key="column_scale" type="xdouble" value="4.098528628222468E-5"/>
<entry key="column_translate" type="xdouble" value="-1.536825279724579"/>
<entry key="column_min" type="xdouble" value="0.0"/>
<entry key="column_max" type="xdouble" value="1.0"/>
</config>
<config key="Close(-2)">
<entry key="column_name" type="xstring" value="Close(-2)"/>
<entry key="column_scale" type="xdouble" value="4.098528628222468E-5"/>
<entry key="column_translate" type="xdouble" value="-1.536825279724579"/>
<entry key="column_min" type="xdouble" value="0.0"/>
<entry key="column_max" type="xdouble" value="1.0"/>
</config>
<config key="Close(-3)">
<entry key="column_name" type="xstring" value="Close(-3)"/>
<entry key="column_scale" type="xdouble" value="4.098528628222468E-5"/>
<entry key="column_translate" type="xdouble" value="-1.536825279724579"/>
<entry key="column_min" type="xdouble" value="0.0"/>
<entry key="column_max" type="xdouble" value="1.0"/>
</config>
<config key="Close(-4)">
<entry key="column_name" type="xstring" value="Close(-4)"/>
<entry key="column_scale" type="xdouble" value="4.098528628222468E-5"/>
<entry key="column_translate" type="xdouble" value="-1.536825279724579"/>
<entry key="column_min" type="xdouble" value="0.0"/>
<entry key="column_max" type="xdouble" value="1.0"/>
</config>
<config key="Close(-5)">
<entry key="column_name" type="xstring" value="Close(-5)"/>
<entry key="column_scale" type="xdouble" value="4.098528628222468E-5"/>
<entry key="column_translate" type="xdouble" value="-1.536825279724579"/>
<entry key="column_min" type="xdouble" value="0.0"/>
<entry key="column_max" type="xdouble" value="1.0"/>
</config>
</config>
<entry key="summary" type="xstring" value="Min/Max (0.0, 1) normalization on 7 column(s)"/>
</config>
</config>
